side,goals_per_match
Home,1.4479949874686717
Away,1.405388471177945
