possdiff_bin,win_rate,n
0–5,0.3858643744030564,1047
5–10,0.37948717948717947,1170
10–15,0.47834645669291337,1016
15–20,0.4431960049937578,801
20–25,0.5377969762419006,463
25–30,0.5310344827586206,145
30–40,0.8181818181818182,22
