season,goals_per_match
2020,2.721052631578947
2021,2.694736842105263
2022,2.818421052631579
2023,2.8987854251012144
2024,2.986842105263158
